data_type,s_rank,num_data_points,nelder_mead,powell,sgd,adam,rmsprop,bfgs,slsqp,dual_annealing,cobyla,genetic_algorithm,particle_swarm,diff_evolution
orthogonal,1,3,,,,,,,,,,,,
orthogonal,2,3,0.06899317274925415,0.07354395930870769,0.1288004032118189,0.05839219442528637,0.06184538958625513,0.08124141393963383,0.06557805957166424,0.0994609771186985,0.08195464336164165,0.09937668232616848,0.10239431395150983,0.10145074352418451
orthogonal,3,3,0.11420251426951317,0.10261923331618555,0.0642582700098222,0.1074707595766271,0.10685051367236653,0.1055892477937545,0.10588481370920266,0.10279137999135485,0.09354355427065147,0.09759449674413845,0.0992217208527516,0.10178050865608057
orthogonal,4,3,0.013259322198334256,0.03180695889719354,0.07984815125486389,0.01917124886255256,0.019824145471857457,0.010519718084395169,0.002161832201655667,0.012544198204256007,0.03395719270033826,0.015277705655065421,0.010523328219759542,0.012404034189055835
