data_type,s_rank,num_data_points,nelder_mead,powell,sgd,adam,rmsprop,bfgs,slsqp,dual_annealing,cobyla,genetic_algorithm,particle_swarm,diff_evolution
orthogonal,1,4,0.23000476937576111,0.2726296552223127,0.45089503644670703,0.22472179294430544,0.24045143531275018,0.24077853158942233,0.2453679005767598,0.1910014790827502,0.25708613169069433,0.22316996888398705,0.2166265338033702,0.19400129447738948
orthogonal,2,4,0.336512196502088,0.33641109430480254,0.5178142566970974,0.34120637320662295,0.33356763671790884,0.33350341631537717,0.324312873157868,0.29864414875200845,0.35201270751134184,0.3222356761417632,0.31764450970995145,0.29921411403031967
orthogonal,3,4,0.4360355256632224,0.420539764240622,0.698649828012079,0.4407546800183854,0.4457644443199157,0.44682935120657935,0.4471065235929249,0.38497647602255547,0.42736346391451996,0.4072738496298113,0.4009321847517285,0.38762432095748445
orthogonal,4,4,0.46054865309795245,0.48019946400957625,0.7263036989389846,0.47584589507357505,0.4758592798184475,0.46999450116757513,0.4749433485729577,0.4054091645977681,0.42686329780837545,0.42603742819616597,0.42007510666307724,0.40605641131352693
