data_type,s_rank,num_data_points,nelder_mead,powell,sgd,adam,rmsprop,bfgs,slsqp,dual_annealing,cobyla,genetic_algorithm,particle_swarm,diff_evolution
orthogonal,1,1,0.04324985828588114,0.043249881295944335,0.19069698736263443,0.043256103773827,0.043314741047992975,0.04324985838205707,0.0432585714727642,0.04324985841593933,0.04324985843954282,0.04442497825924125,0.05104127492409986,0.04324985968752763
orthogonal,2,1,0.1566202827654272,0.1566215199370647,0.34323568107269964,0.16167319449211753,0.15669190467388228,0.15662028312287085,0.15715709663004526,0.15667403308498976,0.15683241206409138,0.16173403155032257,0.17582729803272443,0.15662693225333454
orthogonal,3,1,0.29173668117743634,0.29663573542027366,0.518783578808422,0.29179292274100543,0.2918165942437296,0.29173668147222503,0.29175299408998606,0.2917368746359466,0.2918043251665402,0.29662705380378734,0.3087461429429573,0.2917384350750263
orthogonal,4,1,0.3622742072531252,0.35238598498297263,0.6096747670548119,0.3489504739413239,0.34778268206138335,0.3487282268694331,0.34876713413858484,0.3341141052805564,0.33618983766905325,0.34731528274493567,0.3475968322459596,0.3345846950149856
