data_type,s_rank,num_data_points,nelder_mead,powell,sgd,adam,rmsprop,bfgs,slsqp,dual_annealing,cobyla,genetic_algorithm,particle_swarm,diff_evolution
orthogonal,1,1,,,,,,,,,,,,
orthogonal,2,1,2.621290079846474,2.6213167584289194,0.7999009099183805,2.737581066881508,2.617519137428682,2.6212900800583294,2.6329700977063495,2.6225328549803764,2.6261948067025673,2.640610257736677,2.444806155296585,2.62144370837121
orthogonal,3,1,0.862700513792171,0.8939653729543102,0.5114500252045187,0.804831800705416,0.8623590979449633,0.8627005114232456,0.856441741073809,0.8620627100196645,0.8606123653017017,0.8340422912879262,0.7559625063765381,0.8626326320632847
orthogonal,4,1,0.2417849061386539,0.18794178484164092,0.17520058837474228,0.19588395312470053,0.19178514492191656,0.19535268965700503,0.19541921146836216,0.14525839662021345,0.15210710971189711,0.1708820159562301,0.1258337640518481,0.14686532451214585
