data_type,s_rank,num_data_points,nelder_mead,powell,sgd,adam,rmsprop,bfgs,slsqp,dual_annealing,cobyla,genetic_algorithm,particle_swarm,diff_evolution
random,3,1,,,,,,,,,,,,
orthogonal,3,1,0.03303912755795113,0.03702092957345121,-0.07455928516452259,0.03290995346735476,0.033067789156861094,0.03303912764578659,0.01821268181935687,0.03303932083513844,0.03271759721509904,0.033256327960296594,0.033008231521181486,0.03297654515708126
non_lin_ind,3,1,-0.032714234209162585,-0.037612910342998906,-0.012446627915805863,-0.02489355827106543,-0.03274819325304068,-0.03271423428382003,-0.030907892415274474,-0.03271356042164253,-0.029133899976211963,-0.033180022229764294,-0.03391578141804419,-0.032713107762636306
var_s_rank,3,1,0.009092802727348692,0.013389407581139712,0.03610606723661236,0.003148202811279588,0.009697368950185858,0.007487420322961957,0.006784254781890042,0.006819423161966931,0.006883336638290771,0.008173427209127948,0.006980954467502687,0.006992713151970975
