data_type,s_rank,num_data_points,nelder_mead,powell,sgd,adam,rmsprop,bfgs,slsqp,dual_annealing,cobyla,genetic_algorithm,particle_swarm,diff_evolution
random,3,2,,,,,,,,,,,,
orthogonal,3,2,-0.029646197899260596,-0.02401601411917953,-0.03207438210963098,-0.025188442428819235,-0.02128896360421373,-0.021291924715787724,-0.025774604626461584,-0.04151634677455762,-0.030642928690722826,-0.031742951549656895,-0.03846265160335344,-0.04039927005289112
var_s_rank,3,2,0.011188004234944093,0.008228435659434874,0.032287181529381925,0.006276749337187859,0.00284675681820451,0.0028449016640827995,0.004648469287206303,0.015883778471664833,0.017720468038570747,0.008624984782015122,0.01461391008976004,0.014822231229814076
