data_type,s_rank,num_data_points,nelder_mead,powell,sgd,adam,rmsprop,bfgs,slsqp,dual_annealing,cobyla,genetic_algorithm,particle_swarm,diff_evolution
random,3,1,0.2586975536194852,0.25961480584682245,0.5933428639729446,0.2588829692736507,0.2587488050868685,0.25869755382643844,0.2735403122706292,0.25869755380080817,0.25908672795144116,0.26337072584349075,0.27573791142177584,0.258761889917945
orthogonal,3,1,0.29173668117743634,0.29663573542027366,0.518783578808422,0.29179292274100543,0.2918165942437296,0.29173668147222503,0.29175299408998606,0.2917368746359466,0.2918043251665402,0.29662705380378734,0.3087461429429573,0.2917384350750263
non_lin_ind,3,1,0.25902244696827376,0.25902282507727475,0.5063369508926161,0.26689936446994,0.2590684009906889,0.259022447188405,0.2608451016747116,0.2590233142143041,0.26267042519032824,0.26344703157402305,0.27483036152491314,0.25902532731239
var_s_rank,3,1,0.26811524969562245,0.27241223265841447,0.5424430181292285,0.2700475672812196,0.26876576994087475,0.26650986751136696,0.26762935645660163,0.265842737376271,0.269553761828619,0.271620458783151,0.2818113159924158,0.26601804046436095
