data_type,s_rank,num_data_points,nelder_mead,powell,sgd,adam,rmsprop,bfgs,slsqp,dual_annealing,cobyla,genetic_algorithm,particle_swarm,diff_evolution
random,3,3,0.39506942847089516,0.4130128958236039,0.699034612712959,0.4067268693279688,0.4059328960691003,0.4076858847359392,0.4076901032689474,0.38322776927160235,0.40490873934658006,0.3984541504938367,0.39633876740589324,0.38339622702302645
orthogonal,3,3,0.41509246693507224,0.416307832294598,0.6528117670252694,0.4076576454048132,0.40703443434216763,0.41630737168736714,0.4166046973864713,0.38410305278301743,0.4108905929378131,0.40463646203150605,0.4008824444246377,0.3851413459131643
var_s_rank,3,3,0.3859180303217135,0.39518190461330216,0.7207780491680216,0.3953241861985397,0.40279738979934515,0.4005481444492599,0.40107529192938873,0.3689539409024279,0.38021800215873025,0.3867551379541831,0.3822977758365471,0.36936453603994074
