data_type,s_rank,num_data_points,nelder_mead,powell,sgd,adam,rmsprop,bfgs,slsqp,dual_annealing,cobyla,genetic_algorithm,particle_swarm,diff_evolution
random,3,4,0.3868525346445869,0.40551236689890224,0.6797698728419629,0.39816844104409305,0.39053722760409526,0.38785536111414654,0.3893778393760439,0.373790313242231,0.3896843633627107,0.39659256364760737,0.389113309825854,0.37712867883643253
orthogonal,3,4,0.4360355256632224,0.420539764240622,0.698649828012079,0.4407546800183854,0.4457644443199157,0.44682935120657935,0.4471065235929249,0.38497647602255547,0.42736346391451996,0.4072738496298113,0.4009321847517285,0.38762432095748445
var_s_rank,3,4,0.40590202651951496,0.4043735197482266,0.7043960414625664,0.4204115667861289,0.4303284252744236,0.42442777345425303,0.4244071658332168,0.38620726101976577,0.39631872404392265,0.4007554543767814,0.40037304364810006,0.3875642900338817
