data_type,s_rank,num_data_points,nelder_mead,powell,sgd,adam,rmsprop,bfgs,slsqp,dual_annealing,cobyla,genetic_algorithm,particle_swarm,diff_evolution
random,3,1,,,,,,,,,,,,
orthogonal,3,1,0.12771333588468314,0.14259945403612395,-0.12565969811330258,0.1271228986583799,0.1277988091413964,0.12771333612204439,0.06658134469532229,0.1277140829115766,0.12628048327211516,0.12627192279547161,0.11970871669761518,0.1274397291175231
non_lin_ind,3,1,-0.11213617045730895,-0.12679831136902275,-0.02399194659243864,-0.08531241277966461,-0.1122218335043993,-0.11213617059990655,-0.10593856118488187,-0.11213378652412453,-0.0998405351242978,-0.11185770752964497,-0.10985005705580697,-0.11213163515538671
var_s_rank,3,1,0.03510430402374509,0.05169199886977238,0.07130837908029686,0.011795467619534872,0.0374316933794423,0.02890645349171539,0.026008749017454758,0.026327449259354596,0.026205221365531273,0.031024935677938625,0.02540095799011599,0.02699625254613669
