data_type,s_rank,num_data_points,nelder_mead,powell,sgd,adam,rmsprop,bfgs,slsqp,dual_annealing,cobyla,genetic_algorithm,particle_swarm,diff_evolution
var_s_rank,3,1,,,,,,,,,,,,
var_s_rank,3,2,0.08549791468541418,0.088497025293655,0.08309915943026691,0.08699804825440005,0.08488590348405833,0.0871032970740071,0.08706813033522548,0.07723229701876955,0.09163792309385332,0.08166452386353817,0.07564604551846565,0.07709778873973772
var_s_rank,3,3,0.032304865940676886,0.0342726466612327,0.0952358716085262,0.038278570662920064,0.04914571637441206,0.04693497986388584,0.04637780513756162,0.025878906507387334,0.019026317236257917,0.03347015530749392,0.02484041432566564,0.026248706835842073
var_s_rank,3,4,0.019983996197801446,0.009191615134924447,-0.01638200770545517,0.025087380587589192,0.027531035475078458,0.02387962900499313,0.02333187390382807,0.017253320117337878,0.016100721885192404,0.014000316422598302,0.018075267811552942,0.01819975399394097
