data_type,s_rank,num_data_points,nelder_mead,powell,sgd,adam,rmsprop,bfgs,slsqp,dual_annealing,cobyla,genetic_algorithm,particle_swarm,diff_evolution
var_s_rank,2,1,,,,,,,,,,,,
var_s_rank,2,2,0.12568945496348316,0.14218219456973005,0.15510727287941428,0.14709074242410622,0.141223707531703,0.16656743621042058,0.15204265539751657,0.09423294780536887,0.14130396427390793,0.11022169179489194,0.09879600427141447,0.09341839049889814
var_s_rank,2,3,0.062026303203968514,0.03595801088310069,0.004211239987082505,0.04009084434613902,0.04373527388533821,0.017972300852774403,0.03386018146494185,0.08390775890781393,0.05438717524500958,0.0743554071240104,0.07796513184823134,0.08457778913390393
var_s_rank,2,4,-0.010538192416164993,0.01535362528372336,0.06594663957039626,0.016458951871094307,0.007600991316564332,0.013648889604833014,0.011744296366047624,-0.0077909477094810775,0.007543064286646306,-0.003268426873094421,-0.005854935231040637,-0.007160700243411977
