data_type,s_rank,num_data_points,nelder_mead,powell,sgd,adam,rmsprop,bfgs,slsqp,dual_annealing,cobyla,genetic_algorithm,particle_swarm,diff_evolution
var_s_rank,4,1,0.38517534727108327,0.36109269055596077,0.6072638177326255,0.3788782173809936,0.3789154570555512,0.38258284417178096,0.384854633424353,0.34341104126618355,0.3677543716904423,0.3519032660072335,0.3590365228110771,0.34283209930658076
var_s_rank,4,2,0.40066930105462495,0.42126217464567806,0.7191286561603084,0.401184149278248,0.4007031602354358,0.40066929990998845,0.4027033437846699,0.39866085684650526,0.40066930128594824,0.40540866443540297,0.41328213689172416,0.39914416464581653
var_s_rank,4,3,0.42334681555951137,0.4382503290294701,0.7307989448813352,0.4248270528036985,0.43411933932454055,0.4260299808091739,0.4340896649340983,0.40571602999252454,0.43371676859083247,0.42365989397733517,0.4179739647171636,0.4058235051621809
var_s_rank,4,4,0.4303532842860582,0.4707630433254139,0.7507004400578119,0.4434978297764044,0.45831727141067014,0.4342203334033039,0.4342248037224117,0.4112166121626128,0.4452216129826569,0.4316640311960304,0.425532578727871,0.41225830644038136
