data_type,s_rank,num_data_points,nelder_mead,powell,sgd,adam,rmsprop,bfgs,slsqp,dual_annealing,cobyla,genetic_algorithm,particle_swarm,diff_evolution
var_s_rank,1,1,,,,,,,,,,,,
var_s_rank,1,2,3.566121792785859,3.483564541137813,1.2229669778262733,4.099962869646759,3.904616924159135,3.651542463932376,3.9738889921951346,3.408115265385124,4.001431006198847,3.5251870487548835,3.0444835333779174,3.4557097586754972
var_s_rank,1,3,0.5251311209754235,0.4641912809493287,0.15926521368726965,0.3271912392597651,0.37501893363577055,0.43410957032492714,0.36840482056227053,0.3837041501356684,0.3863770906659405,0.3786234008573863,0.3413165002841241,0.3762176155426733
var_s_rank,1,4,0.03228342167707954,0.12390865744276103,0.11751362753524686,0.011466690341932484,0.019975062020425094,0.06331161880403546,0.04207555016637898,0.08771347295478371,0.0915608375464938,0.10067431889940748,0.09028347101531953,0.08431442222912233
