data_type,s_rank,num_data_points,nelder_mead,powell,sgd,adam,rmsprop,bfgs,slsqp,dual_annealing,cobyla,genetic_algorithm,particle_swarm,diff_evolution
var_s_rank,2,1,,,,,,,,,,,,
var_s_rank,2,2,0.8627888279580975,0.9815489233310664,0.43473867456242554,1.0010259598873077,0.9676817726513534,1.1433936349478957,1.0398088683193065,0.6512875708581707,0.9640458591626786,0.733866064092384,0.6222027305021118,0.6439704966768112
var_s_rank,2,3,0.2285693236074,0.1252730346437556,0.008226844736440642,0.13634916426326238,0.1523007141824766,0.0575582276269242,0.1135240501632897,0.35119588847912797,0.18892447604620832,0.2855267104750636,0.30268285520798655,0.3546466806567443
var_s_rank,2,4,-0.03160883593291153,0.047535160408225474,0.12777848163378414,0.04926036843863435,0.022970714001782522,0.04133298449762246,0.03536111871422487,-0.024133442481242717,0.022038664043955603,-0.009763192533889908,-0.01744901042507141,-0.022165065942422846
