data_type,s_rank,num_data_points,nelder_mead,powell,sgd,adam,rmsprop,bfgs,slsqp,dual_annealing,cobyla,genetic_algorithm,particle_swarm,diff_evolution
orthogonal,4,1,0.3622742072531252,0.35238598498297263,0.6096747670548119,0.3489504739413239,0.34778268206138335,0.3487282268694331,0.34876713413858484,0.3341141052805564,0.33618983766905325,0.34731528274493567,0.3475968322459596,0.3345846950149856
orthogonal,4,2,0.3657398333531741,0.38499064007103034,0.6356468093629821,0.3680899498365058,0.3678374227043761,0.3811297747197382,0.37339758460609984,0.3604049154938891,0.38007492017476097,0.37119363496099317,0.3745086082259868,0.3596277193953135
orthogonal,4,3,0.4283517891334065,0.44811479119179154,0.7326599182801333,0.42682889426736575,0.4268585798140251,0.4268270897717623,0.418766529588127,0.39664725098727344,0.44484778563815136,0.41991416768657147,0.41140577264439726,0.3975453801022201
orthogonal,4,4,0.46054865309795245,0.48019946400957625,0.7263036989389846,0.47584589507357505,0.4758592798184475,0.46999450116757513,0.4749433485729577,0.4054091645977681,0.42686329780837545,0.42603742819616597,0.42007510666307724,0.40605641131352693
