data_type,s_rank,num_data_points,nelder_mead,powell,sgd,adam,rmsprop,bfgs,slsqp,dual_annealing,cobyla,genetic_algorithm,particle_swarm,diff_evolution
orthogonal,1,1,,,,,,,,,,,,
orthogonal,1,2,2.176804836994322,2.489634465599621,0.7138184810221506,2.2284687199445026,2.147942824755384,2.185753359514282,2.1909868074125645,1.8328567960317215,2.617257011629266,2.369834423664582,1.7701362062893837,1.921065074914242
orthogonal,1,3,0.6877942152243475,0.5911387028976183,0.4067470288116144,0.7314213971112165,0.7479608458158584,0.6654890250477508,0.7759070489594324,0.4842452088330029,0.5046253368167142,0.3871649661125489,0.4093259812814971,0.43989512911682316
orthogonal,1,4,-0.008158847834052074,0.13527270730376428,-0.019266988034026822,-0.0706090706935576,0.008865139092694818,0.04925040819048743,0.0009222272534694653,0.0503203101639087,0.09215988629121874,0.0746619064183438,0.0871201735207996,0.06646800348662296
