data_type,s_rank,num_data_points,nelder_mead,powell,sgd,adam,rmsprop,bfgs,slsqp,dual_annealing,cobyla,genetic_algorithm,particle_swarm,diff_evolution
orthogonal,2,1,,,,,,,,,,,,
orthogonal,2,2,0.650222435514958,0.6129229192114152,0.5254159189969363,0.6816918901026403,0.8167446620902996,0.7554033690950797,0.7456603687568362,0.5467805798292302,0.6746572229874843,0.5966878836114535,0.48861017725457634,0.5704198820664925
orthogonal,2,3,0.16417212159364358,0.24174862308590783,0.12410076036465911,0.10409709196834394,0.05450094451380205,0.13016448002548175,0.13259671162774822,0.16081234830503321,0.2082942288433669,0.18898477954526616,0.15252799255676797,0.15201358462452275
orthogonal,2,4,0.11838960896153039,0.07243647171236156,-0.12019169145552333,0.13664650028021086,0.11121087356584125,0.07333106976909409,0.043746764190726095,0.06161307061432253,0.10923583528547787,0.049484150611710076,0.05298597029406249,0.055947310597663114
