data_type,s_rank,num_data_points,nelder_mead,powell,sgd,adam,rmsprop,bfgs,slsqp,dual_annealing,cobyla,genetic_algorithm,particle_swarm,diff_evolution
random,1,3,0.23387477249689165,0.24904348975886656,0.4712426093812999,0.25616854563705177,0.253300874966281,0.23238094886162522,0.24124456348625997,0.20464303983691035,0.23984481794208984,0.22459314734680422,0.21900400658379163,0.2020660661334947
random,2,3,0.31295903564078253,0.32461947773577354,0.5805669747577078,0.31413858667368083,0.29646131668573117,0.29368286365075924,0.29618582483475425,0.2864418038090456,0.3122088226571378,0.2927036454773006,0.3009667612608095,0.28658535076770575
random,3,3,0.39506942847089516,0.4130128958236039,0.699034612712959,0.4067268693279688,0.4059328960691003,0.4076858847359392,0.4076901032689474,0.38322776927160235,0.40490873934658006,0.3984541504938367,0.39633876740589324,0.38339622702302645
random,4,3,0.4378462929093175,0.45384862973087514,0.7287706419825788,0.45161160525638133,0.4460801451518538,0.45916461542055276,0.4591662018433172,0.3991989474369574,0.43891973284550756,0.4184389212513209,0.4133375104808337,0.4000807011170405
