data_type,s_rank,num_data_points,nelder_mead,powell,sgd,adam,rmsprop,bfgs,slsqp,dual_annealing,cobyla,genetic_algorithm,particle_swarm,diff_evolution
random,4,1,,,,,,,,,,,,
orthogonal,4,1,0.034989467242401595,0.024921095389281833,-0.04171462458600794,0.021662733500859233,0.02045455023504661,0.021443486765965136,0.02147646740694137,0.007363979591342329,0.00788666427043494,0.01250301999238157,0.005222190437512708,0.0077151756715582165
non_lin_ind,4,1,-0.018395781641138198,-0.007030492646000752,-0.030789820417964298,-0.010815354584299275,-0.00967579671450397,-0.021110428918235502,-0.006088444613072008,-0.007972712646237223,0.011823506165524023,-0.013730790363383039,-0.005964755774688912,-0.008255644571498466
var_s_rank,4,1,0.041296921659096264,0.01573719821898889,0.028378871095777858,0.04074309802396897,0.040808571708671804,0.05496504622058335,0.04217594389884016,0.017269648631864365,0.019741027855865012,0.01831877362568085,0.017404446339806423,0.016503048863093617
