data_type,s_rank,num_data_points,nelder_mead,powell,sgd,adam,rmsprop,bfgs,slsqp,dual_annealing,cobyla,genetic_algorithm,particle_swarm,diff_evolution
random,4,4,,,,,,,,,,,,
orthogonal,4,4,-0.0019052453040225847,0.03865234242061388,0.003358352084123384,0.0075630378895429895,-0.0007865701851549334,0.0017117162023360666,-0.0016769087777934177,-0.01142541430750571,-0.030339508180026786,-0.012536974375197851,-0.00971699139644333,-0.010809477347765939
non_lin_ind,4,4,-0.025665299593218116,-0.038728356213898585,0.018535840930004044,-0.05952628436592888,-0.06429345271528036,-0.020307042089926064,-0.03235811040652481,-0.00472567443455818,-0.015315758361266918,-0.0017149228343736334,-0.0058854254896252844,-0.003888707924333601
var_s_rank,4,4,-0.004530069218676158,0.029291935529736246,0.005860900188823237,0.027178219068758225,0.046751444307503,-0.015467125674345161,-0.008360434444021236,0.010533121999402872,0.033674073535548354,0.007341525834238083,0.01134289755441903,0.01009060305118803
