data_type,s_rank,num_data_points,nelder_mead,powell,sgd,adam,rmsprop,bfgs,slsqp,dual_annealing,cobyla,genetic_algorithm,particle_swarm,diff_evolution
random,4,3,,,,,,,,,,,,
orthogonal,4,3,-0.00949450377591099,-0.005733838539083602,0.0038892762975545336,-0.024782710989015577,-0.019221565337828705,-0.032337525648790444,-0.0403996722551902,-0.002551696449683949,0.005928052792643801,0.0014752464352505434,-0.0019317378364364646,-0.002535321014820402
non_lin_ind,4,3,-0.03710162018399571,-0.05602346341934111,-0.10621845921082884,-0.049235465432481085,-0.04271631348303234,-0.042719536253853885,-0.034656272071355576,-0.021275052544382056,-0.05802127843177235,-0.028040898868579023,-0.021909991877377744,-0.02185288632048249
var_s_rank,4,3,0.03209664661010059,0.04615900125701966,0.10435748581203075,0.04723362396881381,0.04997707299354781,0.041922427291265496,0.04997940741732687,0.03034383154963316,0.04689026138445346,0.03178662515934272,0.028478183950144065,0.030131011380443273
