data_type,s_rank,num_data_points,nelder_mead,powell,sgd,adam,rmsprop,bfgs,slsqp,dual_annealing,cobyla,genetic_algorithm,particle_swarm,diff_evolution
random,4,3,0.4378462929093175,0.45384862973087514,0.7287706419825788,0.45161160525638133,0.4460801451518538,0.45916461542055276,0.4591662018433172,0.3991989474369574,0.43891973284550756,0.4184389212513209,0.4133375104808337,0.4000807011170405
orthogonal,4,3,0.4283517891334065,0.44811479119179154,0.7326599182801333,0.42682889426736575,0.4268585798140251,0.4268270897717623,0.418766529588127,0.39664725098727344,0.44484778563815136,0.41991416768657147,0.41140577264439726,0.3975453801022201
non_lin_ind,4,3,0.3912501689494108,0.3920913277724504,0.6264414590693045,0.37759342883488467,0.38414226633099274,0.38410755351790843,0.3841102575167714,0.3753721984428914,0.386826507206379,0.39187326881799245,0.3894957807670195,0.37569249378173764
var_s_rank,4,3,0.42334681555951137,0.4382503290294701,0.7307989448813352,0.4248270528036985,0.43411933932454055,0.4260299808091739,0.4340896649340983,0.40571602999252454,0.43371676859083247,0.42365989397733517,0.4179739647171636,0.4058235051621809
