data_type,s_rank,num_data_points,nelder_mead,powell,sgd,adam,rmsprop,bfgs,slsqp,dual_annealing,cobyla,genetic_algorithm,particle_swarm,diff_evolution
random,4,1,,,,,,,,,,,,
orthogonal,4,1,0.10690833688504742,0.0761031065657245,-0.06403945953269319,0.06618864938755564,0.062489435664816906,0.06551936017299798,0.06561894239578381,0.02253703675188956,0.024022503921578453,0.03734337532798793,0.015252854037111963,0.023603227633630208
non_lin_ind,4,1,-0.050778612644330035,-0.01995111311348119,-0.050502041550288035,-0.030993952987488638,-0.02782138735935158,-0.06053547516857427,-0.017457048033237887,-0.023862245024173778,0.0351691361270805,-0.03953408054740504,-0.017159983122251976,-0.024674304277811365
var_s_rank,4,1,0.12009163292405378,0.0455681133445931,0.04902333574339912,0.12049354146189661,0.12069725130502573,0.16777185660948435,0.12307723003504756,0.05295141623200128,0.05672491645966482,0.05491494372204775,0.05094500059706797,0.05057180425912344
