data_type,s_rank,num_data_points,nelder_mead,powell,sgd,adam,rmsprop,bfgs,slsqp,dual_annealing,cobyla,genetic_algorithm,particle_swarm,diff_evolution
random,4,4,,,,,,,,,,,,
orthogonal,4,4,-0.004119859970055928,0.08753843141705597,0.004645374783493361,0.01615057603223513,-0.0016502193088411277,0.0036553045665839168,-0.003518332995568363,-0.027409948420095365,-0.06635897195433316,-0.028585741214474658,-0.022608585500558998,-0.025930347485324523
non_lin_ind,4,4,-0.055727661823732344,-0.08065056110334656,0.025520785529637324,-0.1250957189758356,-0.13511022153400043,-0.04320697803799545,-0.06813046335684003,-0.011656555517798428,-0.03587977331361569,-0.004025286796126348,-0.014010412415001117,-0.009576767700217426
var_s_rank,4,4,-0.01041674550696925,0.06635074190017698,0.007868674895876504,0.06528210146661495,0.11359408684770078,-0.034395279125794764,-0.018889998407216058,0.026287886219400924,0.08182304669051743,0.017301759254976234,0.027385756019520313,0.025090535530703617
