data_type,s_rank,num_data_points,nelder_mead,powell,sgd,adam,rmsprop,bfgs,slsqp,dual_annealing,cobyla,genetic_algorithm,particle_swarm,diff_evolution
random,4,2,,,,,,,,,,,,
orthogonal,4,2,-0.15026540362572594,-0.08336781399785598,-0.09536097396643195,-0.12161517835004143,-0.12228356950269081,-0.12098755172496833,-0.13012822543290314,-0.10413117426211338,-0.10365785441563047,-0.11319035831139912,-0.1031782120198147,-0.10789726006265399
non_lin_ind,4,2,0.0185130434273586,-0.055865874624279166,0.14109493914348348,-0.008344177046377022,-0.007565731676626997,-0.04227431174650653,0.00793209220392388,0.002275741161784639,0.020621046457798498,0.001768177390104153,0.0011337588589341863,0.010958128136151712
var_s_rank,4,2,0.07559112643468935,0.15896040529857025,-0.008554275112955922,0.09907882197304496,0.09765309108573672,0.09767065185735935,0.06999674912189247,0.10363552438139445,0.03288586923456238,0.09024793837580192,0.10228202016043086,0.09785113990722882
