data_type,s_rank,num_data_points,nelder_mead,powell,sgd,adam,rmsprop,bfgs,slsqp,dual_annealing,cobyla,genetic_algorithm,particle_swarm,diff_evolution
random,2,2,,,,,,,,,,,,
orthogonal,2,2,-0.02176972686749612,-0.03553351635276497,-0.005146149879840856,-0.002049066578035885,0.013087586308397958,-0.0029435304756087466,-0.0018964697174361778,-0.02820362054091302,-0.010830070534980918,-0.025637237054575157,-0.027752724096613224,-0.027019545717503368
non_lin_ind,2,2,-0.08031613664579099,-0.08209781442731426,-0.1254706518783424,-0.08803249335924196,-0.10112017864182324,-0.09144529531332779,-0.0907884204574376,-0.07182580174786155,-0.07912207918754618,-0.07955226587722289,-0.07548603440772889,-0.07567034827976507
var_s_rank,2,2,0.09322540777000873,0.11651649372486447,0.11378353287139287,0.11017872364965614,0.10361494206457103,0.12875907978064327,0.11470989425594211,0.06840555602446954,0.10435941482616881,0.08172838811625141,0.07132800004007794,0.06818494874132502
