data_type,s_rank,num_data_points,nelder_mead,powell,sgd,adam,rmsprop,bfgs,slsqp,dual_annealing,cobyla,genetic_algorithm,particle_swarm,diff_evolution
random,2,1,,,,,,,,,,,,
orthogonal,2,1,0.013298878060612862,0.013307715991799612,-0.023849095786034502,0.017294982753579435,0.012515173397219248,0.013346698633202814,0.013802252473120336,0.013368283766038686,0.012363603610799079,0.00908317320706964,0.013079853061371521,0.013132935922499894
non_lin_ind,2,1,-0.005083108914940931,-0.005084127791771309,0.024256569863032262,-0.008222851981222912,-0.006761683734492846,-0.0050831091106473825,-0.003739816614181851,-0.007164070025984015,-0.007162232499307142,-0.005985524807141984,-0.010684131292281823,-0.0068827242667426625
var_s_rank,2,1,-0.005859053213547016,-0.006682468269253977,-0.010709470946044242,-0.006510354620205744,-0.003989983639306943,-0.005859053092815841,-0.007195546358916921,-0.004822804848382156,-0.0030962765383894253,-0.005555307755011396,-0.006358900088820868,-0.004677949546211924
