data_type,s_rank,num_data_points,nelder_mead,powell,sgd,adam,rmsprop,bfgs,slsqp,dual_annealing,cobyla,genetic_algorithm,particle_swarm,diff_evolution
random,2,4,,,,,,,,,,,,
orthogonal,2,4,-0.021413634786859315,-0.005918238180968316,-0.09501421156433432,-0.018728018046455464,-0.02640165431872471,-0.02724459362004411,-0.03643708334603746,-0.03443607171260077,-0.003876140943389561,-0.02282053512167498,-0.028743133708521884,-0.03164253633490882
non_lin_ind,2,4,-0.17716396857551578,-0.17968230104004562,-0.0949743570373579,-0.179997105421,-0.17679236849311072,-0.1741551879974851,-0.16485998791080467,-0.1418956735452552,-0.18977394355456637,-0.1583718596961077,-0.14349884922854103,-0.14246571230745364
var_s_rank,2,4,0.16350745846165368,0.1816199613478366,0.15920803276684126,0.18937125874640548,0.1817249418088899,0.18451851926954357,0.1844159816383892,0.15828844200757206,0.18756934287518315,0.16763805458832162,0.1555448070588165,0.15915333610690402
