data_type,s_rank,num_data_points,nelder_mead,powell,sgd,adam,rmsprop,bfgs,slsqp,dual_annealing,cobyla,genetic_algorithm,particle_swarm,diff_evolution
random,2,3,0.31295903564078253,0.32461947773577354,0.5805669747577078,0.31413858667368083,0.29646131668573117,0.29368286365075924,0.29618582483475425,0.2864418038090456,0.3122088226571378,0.2927036454773006,0.3009667612608095,0.28658535076770575
orthogonal,2,3,0.30088995266555907,0.31368859897841245,0.5885534970154472,0.3001868858281861,0.3001839206698011,0.31071812389361264,0.31071988367726866,0.2813116727916626,0.31734703866716163,0.3070419652873676,0.3016607235718861,0.2833608372570837
non_lin_ind,2,3,0.15336760367072033,0.15777345335988113,0.3703583141281914,0.1664961310560805,0.1580136397987614,0.15777315615810622,0.16332724228441992,0.1532882615589786,0.16266880751155827,0.15994719573332203,0.17237409361832043,0.15329335091929489
var_s_rank,2,3,0.3333938788043909,0.32299512932887015,0.5161012928561844,0.3341215746609341,0.3308992187171237,0.3302178579826026,0.3321245705194049,0.3228278649238064,0.3422650425453123,0.3347702979070715,0.33554540277126754,0.323062438073182
