data_type,s_rank,num_data_points,nelder_mead,powell,sgd,adam,rmsprop,bfgs,slsqp,dual_annealing,cobyla,genetic_algorithm,particle_swarm,diff_evolution
random,2,4,0.35792583128894734,0.34232933248577085,0.6128284682614317,0.3599343912530784,0.35996929103663355,0.3607480099354213,0.36074995650390546,0.3330802204646092,0.3558888484547314,0.34505621126343816,0.34638764341847333,0.3308566503652285
orthogonal,2,4,0.336512196502088,0.33641109430480254,0.5178142566970974,0.34120637320662295,0.33356763671790884,0.33350341631537717,0.324312873157868,0.29864414875200845,0.35201270751134184,0.3222356761417632,0.31764450970995145,0.29921411403031967
non_lin_ind,2,4,0.15934822792657224,0.15672879326475692,0.42283989965973945,0.16120926778562295,0.15677526822479812,0.15934822831789205,0.15945288524706333,0.15674847520675325,0.16223876395677547,0.16386381644565548,0.17414566048141042,0.15674840172286603
var_s_rank,2,4,0.3228556863882259,0.3383487546125935,0.5820479324265807,0.3505805265320284,0.338500210033688,0.34386674758743563,0.34386886688545254,0.3150369172143253,0.3498081068319586,0.3315018710339771,0.3296904675402269,0.31590173782977005
