data_type,s_rank,num_data_points,nelder_mead,powell,sgd,adam,rmsprop,bfgs,slsqp,dual_annealing,cobyla,genetic_algorithm,particle_swarm,diff_evolution
random,2,2,0.2802280313437008,0.2881519555009842,0.5287233217558923,0.2739335666024168,0.2715815951006397,0.2778753031381215,0.27623938497339473,0.2705439722802975,0.27347060219666103,0.28387600559860776,0.28949102938730037,0.2729895941952215
orthogonal,2,2,0.25845830447620466,0.25261843914821924,0.5235771718760515,0.2718845000243809,0.2846691814090377,0.27493177266251273,0.27434291525595855,0.24234035173938445,0.2626405316616801,0.2582387685440326,0.26173830529068715,0.24597004847771814
non_lin_ind,2,2,0.17814216783041367,0.17052062472090498,0.3981065199977091,0.18385200666513896,0.18354900276721445,0.18348647734918494,0.18355449479852096,0.1705145499915229,0.18351845247413393,0.17868650266680972,0.18625227088295826,0.17029970019795307
var_s_rank,2,2,0.2713675756004224,0.28703711844576946,0.5118900528691019,0.2940307303147951,0.2871639448317855,0.3122455571298282,0.29826438905446306,0.23892010601599245,0.28787786730030274,0.2604148907830611,0.2575802709230362,0.2384846489392781
