data_type,s_rank,num_data_points,nelder_mead,powell,sgd,adam,rmsprop,bfgs,slsqp,dual_annealing,cobyla,genetic_algorithm,particle_swarm,diff_evolution
random,2,4,,,,,,,,,,,,
orthogonal,2,4,-0.059827016982108905,-0.01728814220503383,-0.15504209821369042,-0.05203175495749546,-0.07334418511838514,-0.07552250565407492,-0.10100370821705973,-0.10338672066616972,-0.010891436919756692,-0.06613570304419858,-0.08297967394234418,-0.09563820554907698
non_lin_ind,2,4,-0.5264711663264083,-0.5341152657624482,-0.18341394777956932,-0.5275314869690312,-0.5300045598926623,-0.5221991124456591,-0.5083362442740738,-0.47513294380022875,-0.5391110590757633,-0.49147835395617145,-0.4517592618225108,-0.47613299516017293
var_s_rank,2,4,1.0261015173447552,1.158816817028839,0.3765208365978623,1.1746921336944012,1.159142917544346,1.157957770960829,1.156554686060694,1.0098244451742677,1.1561314836271581,1.02303277333906,0.8931879590270955,1.0153426405475572
