data_type,s_rank,num_data_points,nelder_mead,powell,sgd,adam,rmsprop,bfgs,slsqp,dual_annealing,cobyla,genetic_algorithm,particle_swarm,diff_evolution
random,2,2,,,,,,,,,,,,
orthogonal,2,2,-0.07768575742801209,-0.12331520114443095,-0.009733162257247296,-0.00748015879707753,0.04819025495283702,-0.010592990605378216,-0.006865312553526071,-0.10424782449668701,-0.03960232086369808,-0.09031139141370559,-0.09586730253904963,-0.09897646757253697
non_lin_ind,2,2,-0.31075084551282206,-0.3249874185911855,-0.2396411811247675,-0.3237863627803268,-0.3552199719734497,-0.33261086715350185,-0.33093043562919466,-0.29638399561746875,-0.30125616441207614,-0.3080570215144065,-0.28840270178984284,-0.30764049829676665
var_s_rank,2,2,0.5233202722600563,0.6832985389044268,0.28581177940026614,0.5992794185289012,0.5645083356621687,0.7017360714577761,0.6249364494280225,0.4011713723425381,0.5686589736303371,0.45738422822370306,0.38296445837646065,0.4003820832454088
