data_type,s_rank,num_data_points,nelder_mead,powell,sgd,adam,rmsprop,bfgs,slsqp,dual_annealing,cobyla,genetic_algorithm,particle_swarm,diff_evolution
random,2,1,,,,,,,,,,,,
orthogonal,2,1,0.0927905925008432,0.09285718210984162,-0.06496890443161141,0.11978942352395805,0.08680439129393003,0.09315533411649435,0.0962803353754238,0.09328504843364871,0.08557974377421629,0.05950292913941624,0.08036902246713518,0.09152254629678769
non_lin_ind,2,1,-0.03245498491759202,-0.03246123389566302,0.07067030381930062,-0.050860948266991945,-0.04315273178002221,-0.03245498609308228,-0.023796676665423178,-0.045725956528468115,-0.04566806315763483,-0.0370084437379502,-0.060764917688113096,-0.04394342765783266
var_s_rank,2,1,-0.03866413147791603,-0.044097817539626494,-0.02914203202591381,-0.04242645870760131,-0.02661227079042272,-0.038664130639939454,-0.04690179853386067,-0.03225741448734609,-0.02068733095258435,-0.0356684495484233,-0.03850537817780386,-0.031239602580360182
