data_type,s_rank,num_data_points,nelder_mead,powell,sgd,adam,rmsprop,bfgs,slsqp,dual_annealing,cobyla,genetic_algorithm,particle_swarm,diff_evolution
non_lin_ind,4,1,0.343878425611987,0.3453554923369719,0.5788849466368476,0.3381351193570246,0.3381068853468794,0.3276177979511976,0.34267868952551284,0.3261413926343192,0.34801334383457727,0.33358449238155263,0.3416320764712707,0.32632905044348715
non_lin_ind,4,2,0.37251079077115634,0.36348280124130117,0.7253333572468015,0.3650185421260779,0.36505446346357273,0.36501777580736017,0.3763594086759179,0.361225103794988,0.38791246276112873,0.3718499711536818,0.37493321067831015,0.3635685660257594
non_lin_ind,4,3,0.3912501689494108,0.3920913277724504,0.6264414590693045,0.37759342883488467,0.38414226633099274,0.38410755351790843,0.3841102575167714,0.3753721984428914,0.386826507206379,0.39187326881799245,0.3894957807670195,0.37569249378173764
non_lin_ind,4,4,0.43488335350473434,0.44147110779567766,0.7448395398689887,0.41631961070764617,0.41156582710316714,0.44968745907764907,0.4425852381664329,0.4006834901632099,0.41154753944710853,0.42432250536179233,0.41418968117345195,0.40216770338919333
