data_type,s_rank,num_data_points,nelder_mead,powell,sgd,adam,rmsprop,bfgs,slsqp,dual_annealing,cobyla,genetic_algorithm,particle_swarm,diff_evolution
non_lin_ind,3,1,0.25902244696827376,0.25902282507727475,0.5063369508926161,0.26689936446994,0.2590684009906889,0.259022447188405,0.2608451016747116,0.2590233142143041,0.26267042519032824,0.26344703157402305,0.27483036152491314,0.25902532731239
