data_type,s_rank,num_data_points,nelder_mead,powell,sgd,adam,rmsprop,bfgs,slsqp,dual_annealing,cobyla,genetic_algorithm,particle_swarm,diff_evolution
non_lin_ind,1,1,,,,,,,,,,,,
non_lin_ind,1,2,0.24477171110067975,0.24477176507481846,0.6544530821553118,0.24453283749238564,0.24436418000346438,0.24477170960849737,0.2447872539978888,0.24477170583896868,0.24477169454457615,0.23747827316968428,0.21019930829862266,0.24475580905298777
non_lin_ind,1,3,-0.32281075612953336,-0.3228109812223544,-0.49788778931182576,-0.3228072879686732,-0.3224772953047782,-0.32281075408984183,-0.32281230725777277,-0.3228107559632475,-0.32280991291917027,-0.3127012757596097,-0.2597799127851179,-0.322810747421337
non_lin_ind,1,4,0.30581665952900683,0.3058168230354523,0.8057158517530796,0.3058061082206851,0.3053178278127364,0.3058166221905234,0.30602230363239924,0.3058166254692518,0.30581516366498596,0.2925690348069996,0.22274639780907113,0.30581661489488665
