data_type,s_rank,num_data_points,nelder_mead,powell,sgd,adam,rmsprop,bfgs,slsqp,dual_annealing,cobyla,genetic_algorithm,particle_swarm,diff_evolution
random,1,3,,,,,,,,,,,,
orthogonal,1,3,-0.0019779925805867293,-0.008898850089161803,-0.011489515577671583,-0.01437385423415205,-0.01496234388273504,-0.002904238907646406,0.0038972606193444503,-0.022792344163946265,-0.004452422636569864,-0.01692786438560509,-0.019737596963415344,-0.020155972400595495
non_lin_ind,1,3,-0.19726277391119318,-0.2055106237439091,-0.34746435663176845,-0.20716010927736683,-0.20364202537533502,-0.19484270378453838,-0.21050635612495253,-0.14721668960376394,-0.2007583461156346,-0.1715945607066507,-0.15560852666130584,-0.14727608598287198
var_s_rank,1,3,0.2339832076284552,0.21858743310303486,0.30340876070678613,0.22645947587298548,0.22585084736643132,0.22267707623071514,0.22792180675103088,0.20064076106909767,0.23284177953897528,0.2143046992211679,0.20600026954522913,0.20189442466424287
