data_type,s_rank,num_data_points,nelder_mead,powell,sgd,adam,rmsprop,bfgs,slsqp,dual_annealing,cobyla,genetic_algorithm,particle_swarm,diff_evolution
random,1,2,,,,,,,,,,,,
orthogonal,1,2,-0.04923166216310074,-0.03330209898683956,-0.04025259766686495,-0.05501355120912954,-0.047623439620492286,-0.045766340291455265,-0.04783190262189843,-0.03060854964923744,-0.027838034525882488,-0.020462308900820375,-0.029204140946388457,-0.02950858377175794
non_lin_ind,1,2,-0.08625259628181109,-0.09978248203370084,-0.10318726586576954,-0.08850662643888386,-0.08514148993874385,-0.08663961883044213,-0.08689149211730643,-0.07137689253882809,-0.10530209088397446,-0.09722295106994389,-0.08241168597474904,-0.07519188998905463
var_s_rank,1,2,0.1249835288545259,0.1217990801873887,0.13495429873284387,0.14558242774618052,0.13827553649322233,0.1282784289990275,0.14072501488337744,0.11888880312980492,0.14178774949777295,0.12913075996453888,0.12714959137739326,0.12072471730949724
