data_type,s_rank,num_data_points,nelder_mead,powell,sgd,adam,rmsprop,bfgs,slsqp,dual_annealing,cobyla,genetic_algorithm,particle_swarm,diff_evolution
random,1,1,,,,,,,,,,,,
orthogonal,1,1,0.0009438157290830029,0.0009438061802079442,0.005151847305084639,0.0006046300554730655,0.0009434553161293824,0.0009438156968078343,0.0009509733125073611,0.0009438157505558403,0.000937267547474141,0.0008785458781504843,0.0012439151987873528,0.0009437351398378924
non_lin_ind,1,1,-0.0021629969248757527,-0.0021629962904470626,-0.055526786549065926,-0.002160883140966137,-0.002160520143562439,-0.002162996900606215,-0.0021703946814838476,-0.0021629968153177165,-0.0021629964610922897,-0.0020146417899224306,-0.0023058333292870423,-0.0021624718905315574
var_s_rank,1,1,-0.0025142389984373764,-0.0025142553555136463,0.026139912049668368,-0.0025210615034638173,-0.0025199345222924052,-0.0025142389161483883,-0.002512516187625359,-0.002514239131520851,-0.002511599805067391,-0.002276607642991521,-0.002714933030741551,-0.002514749259671205
