data_type,s_rank,num_data_points,nelder_mead,powell,sgd,adam,rmsprop,bfgs,slsqp,dual_annealing,cobyla,genetic_algorithm,particle_swarm,diff_evolution
random,1,2,0.1866280211650069,0.18422837539025932,0.36707261888419535,0.19466452918960336,0.18397576790865927,0.1835497219306105,0.1858694334990025,0.1531292049902409,0.18428388821829195,0.1701671299093622,0.1705954246288079,0.15584423839993627
orthogonal,1,2,0.13739635900190617,0.15092627640341977,0.3268200212173304,0.13965097798047382,0.13635232828816699,0.13778338163915524,0.13803753087710408,0.12252065534100347,0.15644585369240946,0.14970482100854182,0.14139128368241943,0.12633565462817833
non_lin_ind,1,2,0.051143762720095076,0.05114379436971893,0.22363275535156085,0.05114435154158996,0.05121083834942314,0.0511437628087131,0.05114603875979765,0.05114376280217538,0.05114376280843499,0.052481869938597936,0.058979597707670396,0.0511437646391237
var_s_rank,1,2,0.17612729157462098,0.17294287455710763,0.3585870540844047,0.19672677928777046,0.18948637484264547,0.1794221918077406,0.19187105364317508,0.1700325659319803,0.19293151230620795,0.1816126299031368,0.18612918908506365,0.17186848194862095
