data_type,s_rank,num_data_points,nelder_mead,powell,sgd,adam,rmsprop,bfgs,slsqp,dual_annealing,cobyla,genetic_algorithm,particle_swarm,diff_evolution
random,1,3,0.23387477249689165,0.24904348975886656,0.4712426093812999,0.25616854563705177,0.253300874966281,0.23238094886162522,0.24124456348625997,0.20464303983691035,0.23984481794208984,0.22459314734680422,0.21900400658379163,0.2020660661334947
orthogonal,1,3,0.23189677991630492,0.24014463966970476,0.45975309380362833,0.24179469140289972,0.23833853108354597,0.2294767099539788,0.24514182410560442,0.18185069567296408,0.23539239530551997,0.20766528296119913,0.19926640962037628,0.1819100937328992
non_lin_ind,1,3,0.034634006005111746,0.03463401592579564,0.11228873717185986,0.03463458212553287,0.03469650570821095,0.034634006169440415,0.034635467980651896,0.03463400606920013,0.03463404918988539,0.03607072225454845,0.04365788295907044,0.034634007750027236
var_s_rank,1,3,0.26861721363356694,0.2532214490288305,0.41569749787864596,0.26109405799851837,0.2605473530746423,0.25731108240015554,0.2625572747316828,0.2352747671382978,0.26747582872886067,0.25037542147571634,0.24965815250429957,0.2365284324142701
