data_type,s_rank,num_data_points,nelder_mead,powell,sgd,adam,rmsprop,bfgs,slsqp,dual_annealing,cobyla,genetic_algorithm,particle_swarm,diff_evolution
random,1,1,,,,,,,,,,,,
orthogonal,1,1,0.022309241707396232,0.022308998828796556,0.027766005099819413,0.01417606480530309,0.02226638393981739,0.022309240876762892,0.02247760104237484,0.022309242157695586,0.02215103182560796,0.020174922034071674,0.024979541197543753,0.022307293563939234
non_lin_ind,1,1,-0.050011653462038286,-0.05001161218562444,-0.29117810048815673,-0.049955565861057094,-0.049879558120145995,-0.050011652789678784,-0.05017259256585338,-0.050011650778504335,-0.05001164256100055,-0.045349302776605094,-0.04517585684753944,-0.04999951227946231
var_s_rank,1,1,-0.061193260209055134,-0.06119362310326637,0.19338516841978692,-0.061346829744184594,-0.06123149623326041,-0.06119325802686271,-0.061149371518440354,-0.06119326309125572,-0.06112902480565907,-0.053680490005980075,-0.05570757013578631,-0.061204895090825384
