data_type,s_rank,num_data_points,nelder_mead,powell,sgd,adam,rmsprop,bfgs,slsqp,dual_annealing,cobyla,genetic_algorithm,particle_swarm,diff_evolution
var_s_rank,1,2,,,,,,,,,,,,
var_s_rank,2,2,0.09524028402580142,0.11409424388866182,0.15330299878469722,0.09730395102702463,0.09767756998914001,0.1328233653220876,0.10639333541128798,0.06888754008401216,0.09494635499409479,0.07880226087992431,0.07145108183797255,0.06661616699065714
var_s_rank,3,2,0.08224558878061422,0.0738721395063,0.11365212469039343,0.06301488522082455,0.06648772859314761,0.04136760745554585,0.056433097737364046,0.1041549283790481,0.0733138176221696,0.09287009186362805,0.09987709058784527,0.10463118026482057
var_s_rank,4,2,0.04705613667358832,0.060352916693608594,0.09358647860081304,0.04413853374262838,0.047051486810502696,0.04705613532461439,0.048005856992842766,0.055585822451464706,0.03947761636347591,0.052123681788713794,0.055824775380842684,0.05602833544171787
