data_type,s_rank,num_data_points,nelder_mead,powell,sgd,adam,rmsprop,bfgs,slsqp,dual_annealing,cobyla,genetic_algorithm,particle_swarm,diff_evolution
var_s_rank,1,3,,,,,,,,,,,,
var_s_rank,2,3,0.06477666517082398,0.06977368030003966,0.10040379497753849,0.07302751666241575,0.07035186564248141,0.07290677558244707,0.06956729578772214,0.08755309778550857,0.07478921381645165,0.08439487643135518,0.08588725026696797,0.08653400565891192
var_s_rank,3,3,0.05252415151732259,0.07218677528443201,0.20467675631183713,0.06120261153760559,0.07189817108222146,0.07033028646665729,0.06895072140998382,0.046126075978621506,0.037952959613417936,0.05198484004711157,0.04675237306527957,0.046302097966758715
var_s_rank,4,3,0.03742878523779786,0.04306842441616793,0.01002089571331366,0.029502866605158773,0.0313219495251954,0.025481836359914023,0.03301437300470955,0.03676208909009665,0.05349876643210222,0.036904756023152074,0.035676188880616466,0.03645896912224017
