data_type,s_rank,num_data_points,nelder_mead,powell,sgd,adam,rmsprop,bfgs,slsqp,dual_annealing,cobyla,genetic_algorithm,particle_swarm,diff_evolution
var_s_rank,1,3,0.26861721363356694,0.2532214490288305,0.41569749787864596,0.26109405799851837,0.2605473530746423,0.25731108240015554,0.2625572747316828,0.2352747671382978,0.26747582872886067,0.25037542147571634,0.24965815250429957,0.2365284324142701
var_s_rank,2,3,0.3333938788043909,0.32299512932887015,0.5161012928561844,0.3341215746609341,0.3308992187171237,0.3302178579826026,0.3321245705194049,0.3228278649238064,0.3422650425453123,0.3347702979070715,0.33554540277126754,0.323062438073182
var_s_rank,3,3,0.3859180303217135,0.39518190461330216,0.7207780491680216,0.3953241861985397,0.40279738979934515,0.4005481444492599,0.40107529192938873,0.3689539409024279,0.38021800215873025,0.3867551379541831,0.3822977758365471,0.36936453603994074
var_s_rank,4,3,0.42334681555951137,0.4382503290294701,0.7307989448813352,0.4248270528036985,0.43411933932454055,0.4260299808091739,0.4340896649340983,0.40571602999252454,0.43371676859083247,0.42365989397733517,0.4179739647171636,0.4058235051621809
