data_type,s_rank,num_data_points,nelder_mead,powell,sgd,adam,rmsprop,bfgs,slsqp,dual_annealing,cobyla,genetic_algorithm,particle_swarm,diff_evolution
var_s_rank,1,4,0.27728909641102156,0.2845977788137034,0.46454761881169127,0.26408794271170594,0.26575180261156583,0.27360186356312793,0.27360451651620343,0.25591153406262596,0.29196613963071766,0.27558179650193615,0.2721981570796597,0.2564711905340393
var_s_rank,2,4,0.3228556863882259,0.3383487546125935,0.5820479324265807,0.3505805265320284,0.338500210033688,0.34386674758743563,0.34386886688545254,0.3150369172143253,0.3498081068319586,0.3315018710339771,0.3296904675402269,0.31590173782977005
var_s_rank,3,4,0.40590202651951496,0.4043735197482266,0.7043960414625664,0.4204115667861289,0.4303284252744236,0.42442777345425303,0.4244071658332168,0.38620726101976577,0.39631872404392265,0.4007554543767814,0.40037304364810006,0.3875642900338817
var_s_rank,4,4,0.4303532842860582,0.4707630433254139,0.7507004400578119,0.4434978297764044,0.45831727141067014,0.4342203334033039,0.4342248037224117,0.4112166121626128,0.4452216129826569,0.4316640311960304,0.425532578727871,0.41225830644038136
