data_type,s_rank,num_data_points,nelder_mead,powell,sgd,adam,rmsprop,bfgs,slsqp,dual_annealing,cobyla,genetic_algorithm,particle_swarm,diff_evolution
var_s_rank,1,1,,,,,,,,,,,,
var_s_rank,2,1,2.7767232745448363,2.7553810873275757,1.211781850851334,2.8092855737380713,2.777479823402545,2.776723262017725,2.7905179423704327,2.7510324408595146,2.7996865029093834,2.7423185779250105,2.4502936105227318,2.760859094459053
var_s_rank,3,1,0.8404634033124472,0.8805866267378879,0.5203733155084085,0.8378085581585355,0.8416152728889859,0.8294433359612465,0.8302980669377906,0.8373623524299176,0.8390297062641374,0.8084737565550268,0.7748062949506185,0.8337692260374272
var_s_rank,4,1,0.43660365349734187,0.32553772285529226,0.11949789643703101,0.40300548231356936,0.40983525223062456,0.43552975259148097,0.4380135218341059,0.2917826706701534,0.36430806676798944,0.2955698093720418,0.2740316035454715,0.28875507355867014
