data_type,s_rank,num_data_points,nelder_mead,powell,sgd,adam,rmsprop,bfgs,slsqp,dual_annealing,cobyla,genetic_algorithm,particle_swarm,diff_evolution
non_lin_ind,1,2,,,,,,,,,,,,
non_lin_ind,2,2,0.1269984051103186,0.11937683035118606,0.17447376464614822,0.13270765512354898,0.1323381644177913,0.13234271454047183,0.1324084560387233,0.11937078718934753,0.13237468966569893,0.12620463272821178,0.12727267317528787,0.11915593555882936
non_lin_ind,4,2,0.19436862294074267,0.19296217652039618,0.3272268372490924,0.18116653546093897,0.18150546069635828,0.18153129845817523,0.19280491387739693,0.1907105538034651,0.2043940102869948,0.19316346848687208,0.1886809397953519,0.1932688658278063
