data_type,s_rank,num_data_points,nelder_mead,powell,sgd,adam,rmsprop,bfgs,slsqp,dual_annealing,cobyla,genetic_algorithm,particle_swarm,diff_evolution
non_lin_ind,1,3,,,,,,,,,,,,
non_lin_ind,2,3,0.11873359766560859,0.1231394374340855,0.2580695769563316,0.13186154893054763,0.12331713409055045,0.1231391499886658,0.12869177430376802,0.11865425548977847,0.12803475832167288,0.12387647347877358,0.12871621065924999,0.11865934316926766
non_lin_ind,4,3,0.23788256527869045,0.2343178744125693,0.25608314494111306,0.21109729777880418,0.22612862653223134,0.2263343973598022,0.2207830152323515,0.22208393688391279,0.22415769969482074,0.23192607308467042,0.2171216871486991,0.22239914286244275
