data_type,s_rank,num_data_points,nelder_mead,powell,sgd,adam,rmsprop,bfgs,slsqp,dual_annealing,cobyla,genetic_algorithm,particle_swarm,diff_evolution
non_lin_ind,1,4,,,,,,,,,,,,
non_lin_ind,2,4,0.11412256589886965,0.1115031126195752,0.22007834697517684,0.11598321889043116,0.111485300761064,0.11412256736878762,0.11421819156758614,0.11152281427498875,0.11701309734550411,0.11723991779630243,0.12076314135723701,0.11152273896248219
non_lin_ind,4,4,0.27553512557816207,0.28474231453092075,0.3219996402092492,0.2551103429220232,0.254790558878369,0.290339230759757,0.28313235291936956,0.24393501495645667,0.24930877549033306,0.2604586889161369,0.24004402069204153,0.2454193016663273
