data_type,s_rank,num_data_points,nelder_mead,powell,sgd,adam,rmsprop,bfgs,slsqp,dual_annealing,cobyla,genetic_algorithm,particle_swarm,diff_evolution
non_lin_ind,1,4,,,,,,,,,,,,
non_lin_ind,2,4,2.52340288195151,2.4654822443552233,1.0854047232393906,2.5645224759565926,2.461589332126054,2.5234029746346365,2.5250130436808176,2.4659189490508933,2.5873161439778873,2.5145884662720976,2.26222260280241,2.4659171840854124
non_lin_ind,4,4,1.7291383102492288,1.8167836847305696,0.7615166886293447,1.5824793848779866,1.6251961279570448,1.8220424150593266,1.7756489791995413,1.5562193803461453,1.5366782229477245,1.5894826238379265,1.3784094305219026,1.5656893401709642
