data_type,s_rank,num_data_points,nelder_mead,powell,sgd,adam,rmsprop,bfgs,slsqp,dual_annealing,cobyla,genetic_algorithm,particle_swarm,diff_evolution
non_lin_ind,1,3,,,,,,,,,,,,
non_lin_ind,2,3,3.428237485668978,3.5554478492449517,2.2982676932358017,3.807222170390741,3.5541658035427863,3.5554405512960434,3.7156066254296887,3.425946604406736,3.6967886030220356,3.434266511343642,2.948292540431296,3.426093336517612
non_lin_ind,4,3,1.5510613687974382,1.4851539940505099,0.6914469992226919,1.2678810999379966,1.4310702976035357,1.4345558070283517,1.3517831572021368,1.4487993707102267,1.3780005098942736,1.4500165008916936,1.259595816233622,1.450807497707649
