data_type,s_rank,num_data_points,nelder_mead,powell,sgd,adam,rmsprop,bfgs,slsqp,dual_annealing,cobyla,genetic_algorithm,particle_swarm,diff_evolution
non_lin_ind,1,2,,,,,,,,,,,,
non_lin_ind,2,2,2.4831650695192047,2.3341410589955434,0.7801798281824481,2.5947665993112214,2.5841827371545465,2.5876608851690768,2.5888311049965496,2.334024339411142,2.5882860860575314,2.4047282018698466,2.1579101608340716,2.3298233205867303
non_lin_ind,4,2,1.0910871092900143,1.131606084813622,0.8219579956916441,0.985393299464546,0.9888665040940163,0.9893442889129704,1.0503960368229048,1.1184415277930606,1.113751819130031,1.0810187988684126,1.013039674098362,1.1348749622175163
