data_type,s_rank,num_data_points,nelder_mead,powell,sgd,adam,rmsprop,bfgs,slsqp,dual_annealing,cobyla,genetic_algorithm,particle_swarm,diff_evolution
non_lin_ind,1,1,,,,,,,,,,,,
non_lin_ind,2,1,2.6882148898895153,2.6882180804171023,1.7187371826323625,2.7340191912290535,2.6431310724496893,2.6882148830140435,2.7338546510640334,2.6388752324841422,2.642774657341417,2.6724185589957465,2.3885640785497615,2.6445297697299655
non_lin_ind,3,1,0.7092997076996932,0.7092997405480279,0.37781667396618324,0.7393207476939372,0.7279264938548946,0.7092997073279947,0.7002328658658274,0.7324819625035803,0.7549950561570098,0.6914899351711314,0.6641945709861985,0.7297852838193457
non_lin_ind,4,1,0.32760086871585603,0.3333013885318459,0.14328007390402275,0.26690117838443816,0.30508732077684453,0.2648239621985289,0.31372484024197744,0.2591198349214414,0.32490493964979295,0.26622983902486075,0.24306526606341516,0.2598345259493775
